,precision,accuracy,recall,f1_score,score
0,0.7272727272727273,0.7102803738317757,0.5217391304347826,0.6075949367088608,0.7102803738317757
